Type;CurrentTime;ClientID;PacketID;PacketType;MessageID;PacketTimeQueued;PacketTimeSent;PacketTimeDelivered;TotalFragments;PrOthers;PrSenderA;PrSenderB;RealSenderLabel;Route;PoolSizes
RCV_PKT_REAL;113.40990751114124;68bde47b85917417946499939526bacd425b921af47c33e60098cc902c3737c7;cae5e3ae625744c20064d8567dc54febdbbda73e02999ca79b4e3fb001b020ca;REAL;2409e961faf2302a9f8ead57efe57c7943b40720523a9a07c679865a0368316d;101.0;102.5011016534059;113.40990751114124;1;0.9869243518776408;0.0020413364748315234;0.011034311647529896;1;[M3, M14, M26, 68bde47b85917417946499939526bacd425b921af47c33e60098cc902c3737c7];[]
